date,period1,period2,period3,period4,period5,period6,period7,period8,period9,period10,period11,period12,period13,period14,period15,period16,period17,period18,period19,period20,period21,period22,period23,period24,period25,period26
20191001,潜伏期,潜伏期,潜伏期,潜伏期,潜伏期,潜伏期,潜伏期,潜伏期,潜伏期,潜伏期,潜伏期,潜伏期,潜伏期,潜伏期,潜伏期,潜伏期,潜伏期,潜伏期,潜伏期,潜伏期,潜伏期,潜伏期,潜伏期,潜伏期,潜伏期,潜伏期
20191002,潜伏期,潜伏期,潜伏期,潜伏期,潜伏期,潜伏期,潜伏期,潜伏期,潜伏期,潜伏期,潜伏期,潜伏期,潜伏期,潜伏期,潜伏期,潜伏期,潜伏期,潜伏期,潜伏期,潜伏期,潜伏期,潜伏期,潜伏期,潜伏期,潜伏期,潜伏期
20191003,潜伏期,潜伏期,潜伏期,潜伏期,潜伏期,潜伏期,潜伏期,潜伏期,潜伏期,潜伏期,潜伏期,潜伏期,潜伏期,潜伏期,潜伏期,潜伏期,潜伏期,潜伏期,潜伏期,潜伏期,潜伏期,潜伏期,潜伏期,潜伏期,潜伏期,潜伏期
20191004,潜伏期,潜伏期,潜伏期,潜伏期,潜伏期,潜伏期,潜伏期,潜伏期,潜伏期,潜伏期,潜伏期,潜伏期,潜伏期,潜伏期,潜伏期,潜伏期,潜伏期,潜伏期,潜伏期,潜伏期,潜伏期,潜伏期,潜伏期,潜伏期,潜伏期,潜伏期
20191005,潜伏期,潜伏期,潜伏期,潜伏期,潜伏期,潜伏期,潜伏期,潜伏期,潜伏期,潜伏期,潜伏期,潜伏期,潜伏期,潜伏期,潜伏期,潜伏期,潜伏期,潜伏期,潜伏期,潜伏期,潜伏期,潜伏期,潜伏期,潜伏期,潜伏期,潜伏期
20191006,潜伏期,潜伏期,潜伏期,潜伏期,潜伏期,潜伏期,潜伏期,潜伏期,潜伏期,潜伏期,潜伏期,潜伏期,潜伏期,潜伏期,潜伏期,潜伏期,潜伏期,潜伏期,潜伏期,潜伏期,潜伏期,潜伏期,潜伏期,潜伏期,潜伏期,潜伏期
20191007,潜伏期,潜伏期,潜伏期,潜伏期,潜伏期,潜伏期,潜伏期,潜伏期,潜伏期,潜伏期,潜伏期,潜伏期,潜伏期,潜伏期,潜伏期,潜伏期,潜伏期,潜伏期,潜伏期,潜伏期,潜伏期,潜伏期,潜伏期,潜伏期,潜伏期,潜伏期
20191008,潜伏期,潜伏期,潜伏期,潜伏期,潜伏期,潜伏期,潜伏期,潜伏期,潜伏期,潜伏期,潜伏期,潜伏期,潜伏期,潜伏期,潜伏期,潜伏期,潜伏期,潜伏期,潜伏期,潜伏期,潜伏期,潜伏期,潜伏期,潜伏期,潜伏期,潜伏期
20191009,潜伏期,潜伏期,潜伏期,潜伏期,潜伏期,潜伏期,潜伏期,潜伏期,潜伏期,潜伏期,潜伏期,潜伏期,潜伏期,潜伏期,潜伏期,潜伏期,潜伏期,潜伏期,潜伏期,潜伏期,潜伏期,潜伏期,潜伏期,潜伏期,潜伏期,潜伏期
20191010,潜伏期,潜伏期,潜伏期,潜伏期,潜伏期,潜伏期,潜伏期,潜伏期,潜伏期,潜伏期,潜伏期,潜伏期,潜伏期,潜伏期,潜伏期,潜伏期,潜伏期,潜伏期,潜伏期,潜伏期,潜伏期,潜伏期,潜伏期,潜伏期,潜伏期,潜伏期
20191011,潜伏期,潜伏期,潜伏期,潜伏期,潜伏期,潜伏期,潜伏期,潜伏期,潜伏期,潜伏期,潜伏期,潜伏期,潜伏期,潜伏期,潜伏期,潜伏期,潜伏期,潜伏期,潜伏期,潜伏期,潜伏期,潜伏期,潜伏期,潜伏期,潜伏期,潜伏期
20191012,潜伏期,潜伏期,潜伏期,潜伏期,潜伏期,潜伏期,潜伏期,潜伏期,潜伏期,潜伏期,潜伏期,潜伏期,潜伏期,潜伏期,潜伏期,潜伏期,潜伏期,潜伏期,潜伏期,潜伏期,潜伏期,潜伏期,潜伏期,潜伏期,潜伏期,潜伏期
20191013,潜伏期,潜伏期,潜伏期,潜伏期,潜伏期,潜伏期,潜伏期,潜伏期,潜伏期,潜伏期,潜伏期,潜伏期,潜伏期,潜伏期,潜伏期,潜伏期,潜伏期,潜伏期,潜伏期,潜伏期,潜伏期,潜伏期,潜伏期,潜伏期,潜伏期,潜伏期
20191014,潜伏期,潜伏期,潜伏期,潜伏期,潜伏期,潜伏期,潜伏期,潜伏期,潜伏期,潜伏期,潜伏期,潜伏期,潜伏期,潜伏期,潜伏期,潜伏期,潜伏期,潜伏期,潜伏期,潜伏期,潜伏期,潜伏期,潜伏期,潜伏期,潜伏期,潜伏期
20191015,潜伏期,潜伏期,潜伏期,潜伏期,潜伏期,潜伏期,潜伏期,潜伏期,潜伏期,潜伏期,潜伏期,潜伏期,潜伏期,潜伏期,潜伏期,潜伏期,潜伏期,潜伏期,潜伏期,潜伏期,潜伏期,潜伏期,潜伏期,潜伏期,潜伏期,潜伏期
20191016,潜伏期,潜伏期,潜伏期,潜伏期,潜伏期,潜伏期,潜伏期,潜伏期,潜伏期,潜伏期,潜伏期,潜伏期,潜伏期,潜伏期,潜伏期,潜伏期,潜伏期,潜伏期,潜伏期,潜伏期,潜伏期,潜伏期,潜伏期,潜伏期,潜伏期,潜伏期
20191017,潜伏期,潜伏期,潜伏期,潜伏期,潜伏期,潜伏期,潜伏期,潜伏期,潜伏期,潜伏期,潜伏期,潜伏期,潜伏期,潜伏期,潜伏期,潜伏期,潜伏期,潜伏期,潜伏期,潜伏期,潜伏期,潜伏期,潜伏期,潜伏期,潜伏期,潜伏期
20191018,潜伏期,潜伏期,潜伏期,潜伏期,潜伏期,潜伏期,潜伏期,潜伏期,潜伏期,潜伏期,潜伏期,潜伏期,潜伏期,潜伏期,潜伏期,潜伏期,潜伏期,潜伏期,潜伏期,潜伏期,潜伏期,潜伏期,潜伏期,潜伏期,潜伏期,潜伏期
20191019,潜伏期,潜伏期,潜伏期,潜伏期,潜伏期,潜伏期,潜伏期,潜伏期,潜伏期,潜伏期,潜伏期,潜伏期,潜伏期,潜伏期,潜伏期,潜伏期,潜伏期,潜伏期,潜伏期,潜伏期,潜伏期,潜伏期,潜伏期,潜伏期,潜伏期,潜伏期
20191020,潜伏期,潜伏期,潜伏期,潜伏期,潜伏期,潜伏期,潜伏期,潜伏期,潜伏期,潜伏期,潜伏期,潜伏期,潜伏期,潜伏期,潜伏期,潜伏期,潜伏期,潜伏期,潜伏期,潜伏期,潜伏期,潜伏期,潜伏期,潜伏期,潜伏期,潜伏期
20191021,潜伏期,潜伏期,潜伏期,潜伏期,潜伏期,潜伏期,潜伏期,潜伏期,潜伏期,潜伏期,潜伏期,潜伏期,潜伏期,潜伏期,潜伏期,潜伏期,潜伏期,潜伏期,潜伏期,潜伏期,潜伏期,潜伏期,潜伏期,潜伏期,潜伏期,潜伏期
20191022,潜伏期,潜伏期,潜伏期,潜伏期,潜伏期,潜伏期,潜伏期,潜伏期,潜伏期,潜伏期,潜伏期,潜伏期,潜伏期,潜伏期,潜伏期,潜伏期,潜伏期,潜伏期,潜伏期,潜伏期,潜伏期,潜伏期,潜伏期,潜伏期,潜伏期,潜伏期
20191023,潜伏期,潜伏期,潜伏期,潜伏期,潜伏期,潜伏期,潜伏期,潜伏期,潜伏期,潜伏期,潜伏期,潜伏期,潜伏期,潜伏期,潜伏期,潜伏期,潜伏期,潜伏期,潜伏期,潜伏期,潜伏期,潜伏期,潜伏期,潜伏期,潜伏期,潜伏期
20191024,潜伏期,潜伏期,潜伏期,潜伏期,潜伏期,潜伏期,潜伏期,潜伏期,潜伏期,潜伏期,潜伏期,潜伏期,潜伏期,潜伏期,潜伏期,潜伏期,潜伏期,潜伏期,潜伏期,潜伏期,潜伏期,潜伏期,潜伏期,潜伏期,潜伏期,潜伏期
20191025,潜伏期,潜伏期,潜伏期,潜伏期,潜伏期,潜伏期,潜伏期,潜伏期,潜伏期,潜伏期,潜伏期,潜伏期,潜伏期,潜伏期,潜伏期,潜伏期,潜伏期,潜伏期,潜伏期,潜伏期,潜伏期,潜伏期,潜伏期,潜伏期,潜伏期,潜伏期
20191027,潜伏期,潜伏期,潜伏期,潜伏期,潜伏期,潜伏期,潜伏期,潜伏期,潜伏期,潜伏期,潜伏期,潜伏期,潜伏期,潜伏期,潜伏期,潜伏期,潜伏期,潜伏期,潜伏期,潜伏期,潜伏期,潜伏期,潜伏期,潜伏期,潜伏期,潜伏期
20191028,潜伏期,潜伏期,潜伏期,潜伏期,潜伏期,潜伏期,潜伏期,潜伏期,潜伏期,潜伏期,潜伏期,潜伏期,潜伏期,潜伏期,潜伏期,潜伏期,潜伏期,潜伏期,潜伏期,潜伏期,潜伏期,潜伏期,潜伏期,潜伏期,潜伏期,潜伏期
20191029,潜伏期,潜伏期,潜伏期,潜伏期,潜伏期,潜伏期,潜伏期,潜伏期,潜伏期,潜伏期,潜伏期,潜伏期,潜伏期,潜伏期,潜伏期,潜伏期,潜伏期,潜伏期,潜伏期,潜伏期,潜伏期,潜伏期,潜伏期,潜伏期,潜伏期,潜伏期
20191030,潜伏期,潜伏期,潜伏期,潜伏期,潜伏期,潜伏期,潜伏期,潜伏期,潜伏期,潜伏期,潜伏期,潜伏期,潜伏期,潜伏期,潜伏期,潜伏期,潜伏期,潜伏期,潜伏期,潜伏期,潜伏期,潜伏期,潜伏期,潜伏期,潜伏期,潜伏期
20191031,潜伏期,潜伏期,潜伏期,潜伏期,潜伏期,潜伏期,潜伏期,潜伏期,潜伏期,潜伏期,潜伏期,潜伏期,潜伏期,潜伏期,潜伏期,潜伏期,潜伏期,潜伏期,潜伏期,潜伏期,潜伏期,潜伏期,潜伏期,潜伏期,潜伏期,潜伏期
20191101,潜伏期,潜伏期,潜伏期,潜伏期,潜伏期,潜伏期,潜伏期,潜伏期,潜伏期,潜伏期,潜伏期,潜伏期,潜伏期,潜伏期,潜伏期,潜伏期,潜伏期,潜伏期,潜伏期,潜伏期,潜伏期,潜伏期,潜伏期,潜伏期,潜伏期,潜伏期
20191102,潜伏期,潜伏期,潜伏期,潜伏期,潜伏期,潜伏期,潜伏期,潜伏期,潜伏期,潜伏期,潜伏期,潜伏期,潜伏期,潜伏期,潜伏期,潜伏期,潜伏期,潜伏期,潜伏期,潜伏期,潜伏期,潜伏期,潜伏期,潜伏期,潜伏期,潜伏期
20191103,潜伏期,潜伏期,潜伏期,潜伏期,潜伏期,潜伏期,潜伏期,潜伏期,潜伏期,潜伏期,潜伏期,潜伏期,潜伏期,潜伏期,潜伏期,潜伏期,潜伏期,潜伏期,潜伏期,潜伏期,潜伏期,潜伏期,潜伏期,潜伏期,潜伏期,潜伏期
20191104,潜伏期,潜伏期,潜伏期,潜伏期,潜伏期,潜伏期,潜伏期,潜伏期,潜伏期,潜伏期,潜伏期,潜伏期,潜伏期,潜伏期,潜伏期,潜伏期,潜伏期,潜伏期,潜伏期,潜伏期,潜伏期,潜伏期,潜伏期,潜伏期,潜伏期,潜伏期
20191105,潜伏期,潜伏期,潜伏期,潜伏期,潜伏期,潜伏期,潜伏期,潜伏期,潜伏期,潜伏期,潜伏期,潜伏期,潜伏期,潜伏期,潜伏期,潜伏期,潜伏期,潜伏期,潜伏期,潜伏期,潜伏期,潜伏期,潜伏期,潜伏期,潜伏期,潜伏期
20191106,潜伏期,潜伏期,潜伏期,潜伏期,潜伏期,潜伏期,潜伏期,潜伏期,潜伏期,潜伏期,潜伏期,潜伏期,潜伏期,潜伏期,潜伏期,潜伏期,潜伏期,潜伏期,潜伏期,潜伏期,潜伏期,潜伏期,潜伏期,潜伏期,潜伏期,潜伏期
20191107,潜伏期,潜伏期,潜伏期,潜伏期,潜伏期,潜伏期,潜伏期,潜伏期,潜伏期,潜伏期,潜伏期,潜伏期,潜伏期,潜伏期,潜伏期,潜伏期,潜伏期,潜伏期,潜伏期,潜伏期,潜伏期,潜伏期,潜伏期,潜伏期,潜伏期,潜伏期
20191108,潜伏期,潜伏期,潜伏期,潜伏期,潜伏期,潜伏期,潜伏期,潜伏期,潜伏期,潜伏期,潜伏期,潜伏期,潜伏期,潜伏期,潜伏期,潜伏期,潜伏期,潜伏期,潜伏期,潜伏期,潜伏期,潜伏期,潜伏期,潜伏期,潜伏期,潜伏期
20191109,潜伏期,潜伏期,潜伏期,潜伏期,潜伏期,潜伏期,潜伏期,潜伏期,潜伏期,潜伏期,潜伏期,潜伏期,潜伏期,潜伏期,潜伏期,潜伏期,潜伏期,潜伏期,潜伏期,潜伏期,潜伏期,潜伏期,潜伏期,潜伏期,潜伏期,潜伏期
20191110,潜伏期,潜伏期,潜伏期,潜伏期,潜伏期,潜伏期,潜伏期,潜伏期,潜伏期,潜伏期,潜伏期,潜伏期,潜伏期,潜伏期,潜伏期,潜伏期,潜伏期,潜伏期,潜伏期,潜伏期,潜伏期,潜伏期,潜伏期,潜伏期,潜伏期,潜伏期
20191111,潜伏期,潜伏期,潜伏期,潜伏期,潜伏期,潜伏期,潜伏期,潜伏期,潜伏期,潜伏期,潜伏期,潜伏期,潜伏期,潜伏期,潜伏期,潜伏期,潜伏期,潜伏期,潜伏期,潜伏期,潜伏期,潜伏期,潜伏期,潜伏期,潜伏期,潜伏期
20191112,潜伏期,潜伏期,潜伏期,潜伏期,潜伏期,潜伏期,潜伏期,潜伏期,潜伏期,潜伏期,潜伏期,潜伏期,潜伏期,潜伏期,潜伏期,潜伏期,潜伏期,潜伏期,潜伏期,潜伏期,潜伏期,潜伏期,潜伏期,潜伏期,潜伏期,潜伏期
20191113,潜伏期,潜伏期,潜伏期,潜伏期,潜伏期,潜伏期,潜伏期,潜伏期,潜伏期,潜伏期,潜伏期,潜伏期,潜伏期,潜伏期,潜伏期,潜伏期,潜伏期,潜伏期,潜伏期,潜伏期,潜伏期,潜伏期,潜伏期,潜伏期,潜伏期,潜伏期
20191114,潜伏期,潜伏期,潜伏期,潜伏期,潜伏期,潜伏期,潜伏期,潜伏期,潜伏期,潜伏期,潜伏期,潜伏期,潜伏期,潜伏期,潜伏期,潜伏期,潜伏期,潜伏期,潜伏期,潜伏期,潜伏期,潜伏期,潜伏期,潜伏期,潜伏期,潜伏期
20191115,潜伏期,潜伏期,潜伏期,潜伏期,潜伏期,潜伏期,潜伏期,潜伏期,潜伏期,潜伏期,潜伏期,潜伏期,潜伏期,潜伏期,潜伏期,潜伏期,潜伏期,潜伏期,潜伏期,潜伏期,潜伏期,潜伏期,潜伏期,潜伏期,潜伏期,潜伏期
20191116,潜伏期,潜伏期,潜伏期,潜伏期,潜伏期,潜伏期,潜伏期,潜伏期,潜伏期,潜伏期,潜伏期,潜伏期,潜伏期,潜伏期,潜伏期,潜伏期,潜伏期,潜伏期,潜伏期,潜伏期,潜伏期,潜伏期,潜伏期,潜伏期,潜伏期,潜伏期
20191117,潜伏期,潜伏期,潜伏期,潜伏期,潜伏期,潜伏期,潜伏期,潜伏期,潜伏期,潜伏期,潜伏期,潜伏期,潜伏期,潜伏期,潜伏期,潜伏期,潜伏期,潜伏期,潜伏期,潜伏期,潜伏期,潜伏期,潜伏期,潜伏期,潜伏期,潜伏期
20191118,潜伏期,潜伏期,潜伏期,潜伏期,潜伏期,潜伏期,潜伏期,潜伏期,潜伏期,潜伏期,潜伏期,潜伏期,潜伏期,潜伏期,潜伏期,潜伏期,潜伏期,潜伏期,潜伏期,潜伏期,潜伏期,潜伏期,潜伏期,潜伏期,潜伏期,潜伏期
20191119,潜伏期,潜伏期,潜伏期,潜伏期,潜伏期,潜伏期,潜伏期,潜伏期,潜伏期,潜伏期,潜伏期,潜伏期,潜伏期,潜伏期,潜伏期,潜伏期,潜伏期,潜伏期,潜伏期,潜伏期,潜伏期,潜伏期,潜伏期,潜伏期,潜伏期,潜伏期
20191120,潜伏期,潜伏期,潜伏期,潜伏期,潜伏期,潜伏期,潜伏期,潜伏期,潜伏期,潜伏期,潜伏期,潜伏期,潜伏期,潜伏期,潜伏期,潜伏期,潜伏期,潜伏期,潜伏期,潜伏期,潜伏期,潜伏期,潜伏期,潜伏期,潜伏期,潜伏期
20191121,潜伏期,潜伏期,潜伏期,潜伏期,潜伏期,潜伏期,潜伏期,潜伏期,潜伏期,潜伏期,潜伏期,潜伏期,潜伏期,潜伏期,潜伏期,潜伏期,潜伏期,潜伏期,潜伏期,潜伏期,潜伏期,潜伏期,潜伏期,潜伏期,潜伏期,潜伏期
20191122,潜伏期,潜伏期,潜伏期,潜伏期,潜伏期,潜伏期,潜伏期,潜伏期,潜伏期,潜伏期,潜伏期,潜伏期,潜伏期,潜伏期,潜伏期,潜伏期,潜伏期,潜伏期,潜伏期,潜伏期,潜伏期,潜伏期,潜伏期,潜伏期,潜伏期,潜伏期
20191123,潜伏期,潜伏期,潜伏期,潜伏期,潜伏期,潜伏期,潜伏期,潜伏期,潜伏期,潜伏期,潜伏期,潜伏期,潜伏期,潜伏期,潜伏期,潜伏期,潜伏期,潜伏期,潜伏期,潜伏期,潜伏期,潜伏期,潜伏期,潜伏期,潜伏期,潜伏期
20191124,潜伏期,潜伏期,潜伏期,潜伏期,潜伏期,潜伏期,潜伏期,潜伏期,潜伏期,潜伏期,潜伏期,潜伏期,潜伏期,潜伏期,潜伏期,潜伏期,潜伏期,潜伏期,潜伏期,潜伏期,潜伏期,潜伏期,潜伏期,潜伏期,潜伏期,潜伏期
20191125,潜伏期,潜伏期,潜伏期,潜伏期,潜伏期,潜伏期,潜伏期,潜伏期,潜伏期,潜伏期,潜伏期,潜伏期,潜伏期,潜伏期,潜伏期,潜伏期,潜伏期,潜伏期,潜伏期,潜伏期,潜伏期,潜伏期,潜伏期,潜伏期,潜伏期,潜伏期
20191126,潜伏期,潜伏期,潜伏期,潜伏期,潜伏期,潜伏期,潜伏期,潜伏期,潜伏期,潜伏期,潜伏期,潜伏期,潜伏期,潜伏期,潜伏期,潜伏期,潜伏期,潜伏期,潜伏期,潜伏期,潜伏期,潜伏期,潜伏期,潜伏期,潜伏期,潜伏期
20191127,潜伏期,潜伏期,潜伏期,潜伏期,潜伏期,潜伏期,潜伏期,潜伏期,潜伏期,潜伏期,潜伏期,潜伏期,潜伏期,潜伏期,潜伏期,潜伏期,潜伏期,潜伏期,潜伏期,潜伏期,潜伏期,潜伏期,潜伏期,潜伏期,潜伏期,潜伏期
20191128,潜伏期,潜伏期,潜伏期,潜伏期,潜伏期,潜伏期,潜伏期,潜伏期,潜伏期,潜伏期,潜伏期,潜伏期,潜伏期,潜伏期,潜伏期,潜伏期,潜伏期,潜伏期,潜伏期,潜伏期,潜伏期,潜伏期,潜伏期,潜伏期,潜伏期,潜伏期
20191129,潜伏期,潜伏期,潜伏期,潜伏期,潜伏期,潜伏期,潜伏期,潜伏期,潜伏期,潜伏期,潜伏期,潜伏期,潜伏期,潜伏期,潜伏期,潜伏期,潜伏期,潜伏期,潜伏期,潜伏期,潜伏期,潜伏期,潜伏期,潜伏期,潜伏期,潜伏期
20191130,潜伏期,潜伏期,潜伏期,潜伏期,潜伏期,潜伏期,潜伏期,潜伏期,潜伏期,潜伏期,潜伏期,潜伏期,潜伏期,潜伏期,潜伏期,潜伏期,潜伏期,潜伏期,潜伏期,潜伏期,潜伏期,潜伏期,潜伏期,潜伏期,潜伏期,潜伏期
20191201,潜伏期,潜伏期,潜伏期,潜伏期,潜伏期,潜伏期,潜伏期,潜伏期,潜伏期,潜伏期,潜伏期,潜伏期,潜伏期,潜伏期,潜伏期,潜伏期,潜伏期,潜伏期,潜伏期,潜伏期,潜伏期,潜伏期,潜伏期,潜伏期,潜伏期,潜伏期
20191202,潜伏期,潜伏期,潜伏期,潜伏期,潜伏期,潜伏期,潜伏期,潜伏期,潜伏期,潜伏期,潜伏期,潜伏期,潜伏期,潜伏期,潜伏期,潜伏期,潜伏期,潜伏期,潜伏期,潜伏期,潜伏期,潜伏期,潜伏期,潜伏期,潜伏期,潜伏期
20191203,潜伏期,潜伏期,潜伏期,潜伏期,潜伏期,潜伏期,潜伏期,潜伏期,潜伏期,潜伏期,潜伏期,潜伏期,潜伏期,潜伏期,潜伏期,潜伏期,潜伏期,潜伏期,潜伏期,潜伏期,潜伏期,潜伏期,潜伏期,潜伏期,潜伏期,潜伏期
20191204,潜伏期,潜伏期,潜伏期,潜伏期,潜伏期,潜伏期,潜伏期,潜伏期,潜伏期,潜伏期,潜伏期,潜伏期,潜伏期,潜伏期,潜伏期,潜伏期,潜伏期,潜伏期,潜伏期,潜伏期,潜伏期,潜伏期,潜伏期,潜伏期,潜伏期,潜伏期
20191205,潜伏期,潜伏期,潜伏期,潜伏期,潜伏期,潜伏期,潜伏期,潜伏期,潜伏期,潜伏期,潜伏期,潜伏期,潜伏期,潜伏期,潜伏期,潜伏期,潜伏期,潜伏期,潜伏期,潜伏期,潜伏期,潜伏期,潜伏期,潜伏期,潜伏期,潜伏期
20191206,潜伏期,潜伏期,潜伏期,潜伏期,潜伏期,潜伏期,潜伏期,潜伏期,潜伏期,潜伏期,潜伏期,潜伏期,潜伏期,潜伏期,潜伏期,潜伏期,潜伏期,潜伏期,潜伏期,潜伏期,潜伏期,潜伏期,潜伏期,潜伏期,潜伏期,潜伏期
20191207,潜伏期,潜伏期,潜伏期,潜伏期,潜伏期,潜伏期,潜伏期,潜伏期,潜伏期,潜伏期,潜伏期,潜伏期,潜伏期,潜伏期,潜伏期,潜伏期,潜伏期,潜伏期,潜伏期,潜伏期,潜伏期,潜伏期,潜伏期,潜伏期,潜伏期,潜伏期
20191208,潜伏期,潜伏期,潜伏期,潜伏期,潜伏期,潜伏期,潜伏期,潜伏期,潜伏期,潜伏期,潜伏期,潜伏期,潜伏期,潜伏期,潜伏期,潜伏期,潜伏期,潜伏期,潜伏期,潜伏期,潜伏期,潜伏期,潜伏期,潜伏期,潜伏期,潜伏期
20191209,潜伏期,潜伏期,潜伏期,潜伏期,潜伏期,潜伏期,潜伏期,潜伏期,潜伏期,潜伏期,潜伏期,潜伏期,潜伏期,潜伏期,潜伏期,潜伏期,潜伏期,潜伏期,潜伏期,潜伏期,潜伏期,潜伏期,潜伏期,潜伏期,潜伏期,潜伏期
20191210,潜伏期,潜伏期,潜伏期,潜伏期,潜伏期,潜伏期,潜伏期,潜伏期,潜伏期,潜伏期,潜伏期,潜伏期,潜伏期,潜伏期,潜伏期,潜伏期,潜伏期,潜伏期,潜伏期,潜伏期,潜伏期,潜伏期,潜伏期,潜伏期,潜伏期,潜伏期
20191211,潜伏期,潜伏期,潜伏期,潜伏期,潜伏期,潜伏期,潜伏期,潜伏期,潜伏期,潜伏期,潜伏期,潜伏期,潜伏期,潜伏期,潜伏期,潜伏期,潜伏期,潜伏期,潜伏期,潜伏期,潜伏期,潜伏期,潜伏期,潜伏期,潜伏期,潜伏期
20191212,潜伏期,潜伏期,潜伏期,潜伏期,潜伏期,潜伏期,潜伏期,潜伏期,潜伏期,潜伏期,潜伏期,潜伏期,潜伏期,潜伏期,潜伏期,潜伏期,潜伏期,潜伏期,潜伏期,潜伏期,潜伏期,潜伏期,潜伏期,潜伏期,潜伏期,潜伏期
20191213,潜伏期,潜伏期,潜伏期,潜伏期,潜伏期,潜伏期,潜伏期,潜伏期,潜伏期,潜伏期,潜伏期,潜伏期,潜伏期,潜伏期,潜伏期,潜伏期,潜伏期,潜伏期,潜伏期,潜伏期,潜伏期,潜伏期,潜伏期,潜伏期,潜伏期,潜伏期
20191214,潜伏期,潜伏期,潜伏期,潜伏期,潜伏期,潜伏期,潜伏期,潜伏期,潜伏期,潜伏期,潜伏期,潜伏期,潜伏期,潜伏期,潜伏期,潜伏期,潜伏期,潜伏期,潜伏期,潜伏期,潜伏期,潜伏期,潜伏期,潜伏期,潜伏期,潜伏期
20191215,潜伏期,潜伏期,潜伏期,潜伏期,潜伏期,潜伏期,潜伏期,潜伏期,潜伏期,潜伏期,潜伏期,潜伏期,潜伏期,潜伏期,潜伏期,潜伏期,潜伏期,潜伏期,潜伏期,潜伏期,潜伏期,潜伏期,潜伏期,潜伏期,潜伏期,潜伏期
20191216,潜伏期,潜伏期,潜伏期,潜伏期,潜伏期,潜伏期,潜伏期,潜伏期,潜伏期,潜伏期,潜伏期,潜伏期,潜伏期,潜伏期,潜伏期,潜伏期,潜伏期,潜伏期,潜伏期,潜伏期,潜伏期,潜伏期,潜伏期,潜伏期,潜伏期,潜伏期
20191217,潜伏期,潜伏期,潜伏期,潜伏期,潜伏期,潜伏期,潜伏期,潜伏期,潜伏期,潜伏期,潜伏期,潜伏期,潜伏期,潜伏期,潜伏期,潜伏期,潜伏期,潜伏期,潜伏期,潜伏期,潜伏期,潜伏期,潜伏期,潜伏期,潜伏期,潜伏期
20191218,潜伏期,潜伏期,潜伏期,潜伏期,潜伏期,潜伏期,潜伏期,潜伏期,潜伏期,潜伏期,潜伏期,潜伏期,潜伏期,潜伏期,潜伏期,潜伏期,潜伏期,潜伏期,潜伏期,潜伏期,潜伏期,潜伏期,潜伏期,潜伏期,潜伏期,潜伏期
20191219,潜伏期,潜伏期,潜伏期,潜伏期,潜伏期,潜伏期,潜伏期,潜伏期,潜伏期,潜伏期,潜伏期,潜伏期,潜伏期,潜伏期,潜伏期,潜伏期,潜伏期,潜伏期,潜伏期,潜伏期,潜伏期,潜伏期,潜伏期,潜伏期,潜伏期,潜伏期
20191220,潜伏期,潜伏期,潜伏期,潜伏期,潜伏期,潜伏期,潜伏期,潜伏期,潜伏期,潜伏期,潜伏期,潜伏期,潜伏期,潜伏期,潜伏期,潜伏期,潜伏期,潜伏期,潜伏期,潜伏期,潜伏期,潜伏期,潜伏期,潜伏期,潜伏期,潜伏期
20191221,潜伏期,潜伏期,潜伏期,潜伏期,潜伏期,潜伏期,潜伏期,潜伏期,潜伏期,潜伏期,潜伏期,潜伏期,潜伏期,潜伏期,潜伏期,潜伏期,潜伏期,潜伏期,潜伏期,潜伏期,潜伏期,潜伏期,潜伏期,潜伏期,潜伏期,潜伏期
20191222,潜伏期,潜伏期,潜伏期,潜伏期,潜伏期,潜伏期,潜伏期,潜伏期,潜伏期,潜伏期,潜伏期,潜伏期,潜伏期,潜伏期,潜伏期,潜伏期,潜伏期,潜伏期,潜伏期,潜伏期,潜伏期,潜伏期,潜伏期,潜伏期,潜伏期,潜伏期
20191223,潜伏期,潜伏期,潜伏期,潜伏期,潜伏期,潜伏期,潜伏期,潜伏期,潜伏期,潜伏期,潜伏期,潜伏期,潜伏期,潜伏期,潜伏期,潜伏期,潜伏期,潜伏期,潜伏期,潜伏期,潜伏期,潜伏期,潜伏期,潜伏期,潜伏期,潜伏期
20191224,潜伏期,潜伏期,潜伏期,潜伏期,潜伏期,潜伏期,潜伏期,潜伏期,潜伏期,潜伏期,潜伏期,潜伏期,潜伏期,潜伏期,潜伏期,潜伏期,潜伏期,潜伏期,潜伏期,潜伏期,潜伏期,潜伏期,潜伏期,潜伏期,潜伏期,潜伏期
20191225,潜伏期,潜伏期,潜伏期,潜伏期,潜伏期,潜伏期,潜伏期,潜伏期,潜伏期,潜伏期,潜伏期,潜伏期,潜伏期,潜伏期,潜伏期,潜伏期,潜伏期,潜伏期,潜伏期,潜伏期,潜伏期,潜伏期,潜伏期,潜伏期,潜伏期,潜伏期
20191226,潜伏期,潜伏期,潜伏期,潜伏期,潜伏期,潜伏期,潜伏期,潜伏期,潜伏期,潜伏期,潜伏期,潜伏期,潜伏期,潜伏期,潜伏期,潜伏期,潜伏期,潜伏期,潜伏期,潜伏期,潜伏期,潜伏期,潜伏期,潜伏期,潜伏期,潜伏期
20191227,潜伏期,潜伏期,潜伏期,潜伏期,潜伏期,潜伏期,潜伏期,潜伏期,潜伏期,潜伏期,潜伏期,潜伏期,潜伏期,潜伏期,潜伏期,潜伏期,潜伏期,潜伏期,潜伏期,潜伏期,潜伏期,潜伏期,潜伏期,潜伏期,潜伏期,潜伏期
20191228,潜伏期,潜伏期,潜伏期,潜伏期,潜伏期,潜伏期,潜伏期,潜伏期,潜伏期,潜伏期,潜伏期,潜伏期,潜伏期,潜伏期,潜伏期,潜伏期,潜伏期,潜伏期,潜伏期,潜伏期,潜伏期,潜伏期,潜伏期,潜伏期,潜伏期,潜伏期
20191229,潜伏期,潜伏期,潜伏期,潜伏期,潜伏期,潜伏期,潜伏期,潜伏期,潜伏期,潜伏期,潜伏期,潜伏期,潜伏期,潜伏期,潜伏期,潜伏期,潜伏期,潜伏期,潜伏期,潜伏期,潜伏期,潜伏期,潜伏期,潜伏期,潜伏期,潜伏期
20191230,潜伏期,潜伏期,潜伏期,潜伏期,潜伏期,潜伏期,潜伏期,潜伏期,潜伏期,潜伏期,潜伏期,潜伏期,潜伏期,潜伏期,潜伏期,潜伏期,潜伏期,潜伏期,潜伏期,潜伏期,潜伏期,潜伏期,潜伏期,潜伏期,潜伏期,潜伏期
20191231,潜伏期,潜伏期,潜伏期,潜伏期,潜伏期,潜伏期,潜伏期,潜伏期,潜伏期,潜伏期,潜伏期,潜伏期,潜伏期,潜伏期,潜伏期,潜伏期,潜伏期,潜伏期,潜伏期,潜伏期,潜伏期,潜伏期,潜伏期,潜伏期,潜伏期,潜伏期
20200101,潜伏期,潜伏期,潜伏期,潜伏期,潜伏期,潜伏期,潜伏期,潜伏期,潜伏期,潜伏期,潜伏期,潜伏期,潜伏期,潜伏期,潜伏期,潜伏期,潜伏期,潜伏期,潜伏期,潜伏期,潜伏期,潜伏期,潜伏期,潜伏期,潜伏期,潜伏期
20200102,潜伏期,潜伏期,潜伏期,潜伏期,潜伏期,潜伏期,潜伏期,潜伏期,潜伏期,潜伏期,潜伏期,潜伏期,潜伏期,潜伏期,潜伏期,潜伏期,潜伏期,潜伏期,潜伏期,潜伏期,潜伏期,潜伏期,潜伏期,潜伏期,潜伏期,潜伏期
20200103,潜伏期,潜伏期,潜伏期,潜伏期,潜伏期,潜伏期,潜伏期,潜伏期,潜伏期,潜伏期,潜伏期,潜伏期,潜伏期,潜伏期,潜伏期,潜伏期,潜伏期,潜伏期,潜伏期,潜伏期,潜伏期,潜伏期,潜伏期,潜伏期,潜伏期,潜伏期
20200104,潜伏期,潜伏期,潜伏期,潜伏期,潜伏期,潜伏期,潜伏期,潜伏期,潜伏期,潜伏期,潜伏期,潜伏期,潜伏期,潜伏期,潜伏期,潜伏期,潜伏期,潜伏期,潜伏期,潜伏期,潜伏期,潜伏期,潜伏期,潜伏期,潜伏期,潜伏期
20200105,潜伏期,潜伏期,潜伏期,潜伏期,潜伏期,潜伏期,潜伏期,潜伏期,潜伏期,潜伏期,潜伏期,潜伏期,潜伏期,潜伏期,潜伏期,潜伏期,潜伏期,潜伏期,潜伏期,潜伏期,潜伏期,潜伏期,潜伏期,潜伏期,潜伏期,潜伏期
20200106,潜伏期,潜伏期,潜伏期,潜伏期,潜伏期,潜伏期,潜伏期,潜伏期,潜伏期,潜伏期,潜伏期,潜伏期,潜伏期,潜伏期,潜伏期,潜伏期,潜伏期,潜伏期,潜伏期,潜伏期,潜伏期,潜伏期,潜伏期,潜伏期,潜伏期,潜伏期
20200107,潜伏期,潜伏期,潜伏期,潜伏期,潜伏期,潜伏期,潜伏期,潜伏期,潜伏期,潜伏期,潜伏期,潜伏期,潜伏期,潜伏期,潜伏期,潜伏期,潜伏期,潜伏期,潜伏期,潜伏期,潜伏期,潜伏期,潜伏期,潜伏期,潜伏期,潜伏期
20200108,潜伏期,潜伏期,潜伏期,潜伏期,潜伏期,潜伏期,潜伏期,潜伏期,潜伏期,潜伏期,潜伏期,潜伏期,潜伏期,潜伏期,潜伏期,潜伏期,潜伏期,潜伏期,潜伏期,潜伏期,潜伏期,潜伏期,潜伏期,潜伏期,潜伏期,潜伏期
20200109,潜伏期,潜伏期,潜伏期,潜伏期,潜伏期,潜伏期,潜伏期,潜伏期,潜伏期,潜伏期,潜伏期,潜伏期,潜伏期,潜伏期,潜伏期,潜伏期,潜伏期,潜伏期,潜伏期,潜伏期,潜伏期,潜伏期,潜伏期,潜伏期,潜伏期,潜伏期
20200110,潜伏期,潜伏期,潜伏期,潜伏期,潜伏期,潜伏期,潜伏期,潜伏期,潜伏期,潜伏期,潜伏期,潜伏期,潜伏期,潜伏期,潜伏期,潜伏期,潜伏期,潜伏期,潜伏期,潜伏期,潜伏期,潜伏期,潜伏期,潜伏期,潜伏期,潜伏期
20200111,潜伏期,潜伏期,潜伏期,潜伏期,潜伏期,潜伏期,潜伏期,潜伏期,潜伏期,潜伏期,潜伏期,潜伏期,潜伏期,潜伏期,潜伏期,潜伏期,潜伏期,潜伏期,潜伏期,潜伏期,潜伏期,潜伏期,潜伏期,潜伏期,潜伏期,潜伏期
20200112,潜伏期,潜伏期,潜伏期,潜伏期,潜伏期,潜伏期,潜伏期,潜伏期,潜伏期,潜伏期,潜伏期,潜伏期,潜伏期,潜伏期,潜伏期,潜伏期,潜伏期,潜伏期,潜伏期,潜伏期,潜伏期,潜伏期,潜伏期,潜伏期,潜伏期,潜伏期
20200113,潜伏期,潜伏期,潜伏期,潜伏期,潜伏期,潜伏期,潜伏期,潜伏期,潜伏期,潜伏期,潜伏期,潜伏期,潜伏期,潜伏期,潜伏期,潜伏期,潜伏期,潜伏期,潜伏期,潜伏期,潜伏期,潜伏期,潜伏期,潜伏期,潜伏期,潜伏期
20200114,潜伏期,潜伏期,潜伏期,潜伏期,潜伏期,潜伏期,潜伏期,潜伏期,潜伏期,潜伏期,潜伏期,潜伏期,潜伏期,潜伏期,潜伏期,潜伏期,潜伏期,潜伏期,潜伏期,潜伏期,潜伏期,潜伏期,潜伏期,潜伏期,潜伏期,潜伏期
20200115,潜伏期,潜伏期,潜伏期,潜伏期,潜伏期,潜伏期,潜伏期,潜伏期,潜伏期,潜伏期,潜伏期,潜伏期,潜伏期,潜伏期,潜伏期,潜伏期,潜伏期,潜伏期,潜伏期,潜伏期,潜伏期,潜伏期,潜伏期,潜伏期,潜伏期,潜伏期
20200116,潜伏期,潜伏期,潜伏期,潜伏期,潜伏期,潜伏期,潜伏期,潜伏期,潜伏期,潜伏期,潜伏期,潜伏期,潜伏期,潜伏期,潜伏期,潜伏期,潜伏期,潜伏期,潜伏期,潜伏期,潜伏期,潜伏期,潜伏期,潜伏期,潜伏期,潜伏期
20200117,潜伏期,潜伏期,潜伏期,潜伏期,潜伏期,潜伏期,潜伏期,潜伏期,潜伏期,潜伏期,潜伏期,潜伏期,潜伏期,潜伏期,潜伏期,潜伏期,潜伏期,潜伏期,潜伏期,潜伏期,潜伏期,潜伏期,潜伏期,潜伏期,潜伏期,潜伏期
20200118,潜伏期,潜伏期,潜伏期,潜伏期,潜伏期,潜伏期,潜伏期,潜伏期,潜伏期,潜伏期,潜伏期,潜伏期,潜伏期,潜伏期,潜伏期,潜伏期,潜伏期,潜伏期,潜伏期,潜伏期,潜伏期,潜伏期,潜伏期,潜伏期,潜伏期,潜伏期
20200119,潜伏期,潜伏期,潜伏期,潜伏期,潜伏期,潜伏期,潜伏期,潜伏期,潜伏期,潜伏期,潜伏期,潜伏期,潜伏期,潜伏期,潜伏期,潜伏期,潜伏期,潜伏期,潜伏期,潜伏期,潜伏期,潜伏期,潜伏期,潜伏期,潜伏期,潜伏期
20200120,潜伏期,潜伏期,潜伏期,潜伏期,潜伏期,潜伏期,潜伏期,潜伏期,潜伏期,潜伏期,潜伏期,潜伏期,潜伏期,潜伏期,潜伏期,潜伏期,潜伏期,潜伏期,潜伏期,潜伏期,潜伏期,潜伏期,潜伏期,潜伏期,潜伏期,潜伏期
20200121,爆发期,潜伏期,潜伏期,潜伏期,潜伏期,潜伏期,潜伏期,潜伏期,潜伏期,潜伏期,潜伏期,潜伏期,潜伏期,潜伏期,潜伏期,潜伏期,潜伏期,潜伏期,潜伏期,潜伏期,潜伏期,潜伏期,潜伏期,潜伏期,潜伏期,潜伏期
20200122,爆发期,潜伏期,潜伏期,潜伏期,潜伏期,潜伏期,潜伏期,潜伏期,潜伏期,潜伏期,潜伏期,潜伏期,潜伏期,潜伏期,潜伏期,潜伏期,潜伏期,潜伏期,潜伏期,潜伏期,潜伏期,潜伏期,潜伏期,潜伏期,潜伏期,潜伏期
20200123,爆发期,潜伏期,潜伏期,潜伏期,潜伏期,潜伏期,潜伏期,潜伏期,潜伏期,潜伏期,潜伏期,潜伏期,潜伏期,潜伏期,潜伏期,潜伏期,潜伏期,潜伏期,潜伏期,潜伏期,潜伏期,潜伏期,潜伏期,潜伏期,潜伏期,潜伏期
20200124,爆发期,潜伏期,潜伏期,潜伏期,潜伏期,潜伏期,潜伏期,潜伏期,潜伏期,潜伏期,潜伏期,潜伏期,潜伏期,潜伏期,潜伏期,潜伏期,潜伏期,潜伏期,潜伏期,潜伏期,潜伏期,潜伏期,潜伏期,潜伏期,潜伏期,潜伏期
20200125,爆发期,潜伏期,潜伏期,潜伏期,潜伏期,潜伏期,潜伏期,潜伏期,潜伏期,潜伏期,潜伏期,潜伏期,潜伏期,潜伏期,潜伏期,潜伏期,潜伏期,潜伏期,潜伏期,潜伏期,潜伏期,潜伏期,潜伏期,潜伏期,潜伏期,潜伏期
20200126,爆发期,潜伏期,潜伏期,潜伏期,潜伏期,潜伏期,潜伏期,潜伏期,潜伏期,潜伏期,潜伏期,潜伏期,潜伏期,潜伏期,潜伏期,潜伏期,潜伏期,潜伏期,潜伏期,潜伏期,潜伏期,潜伏期,潜伏期,潜伏期,潜伏期,潜伏期
20200127,爆发期,潜伏期,潜伏期,潜伏期,潜伏期,潜伏期,潜伏期,潜伏期,潜伏期,潜伏期,潜伏期,潜伏期,潜伏期,潜伏期,潜伏期,潜伏期,潜伏期,潜伏期,潜伏期,潜伏期,潜伏期,潜伏期,潜伏期,潜伏期,潜伏期,潜伏期
20200128,爆发期,潜伏期,潜伏期,潜伏期,潜伏期,潜伏期,潜伏期,潜伏期,潜伏期,潜伏期,潜伏期,潜伏期,潜伏期,潜伏期,潜伏期,潜伏期,潜伏期,潜伏期,潜伏期,潜伏期,潜伏期,潜伏期,潜伏期,潜伏期,潜伏期,潜伏期
20200129,爆发期,潜伏期,潜伏期,潜伏期,潜伏期,潜伏期,潜伏期,潜伏期,潜伏期,潜伏期,潜伏期,潜伏期,潜伏期,潜伏期,潜伏期,潜伏期,潜伏期,潜伏期,潜伏期,潜伏期,潜伏期,潜伏期,潜伏期,潜伏期,潜伏期,潜伏期
20200130,爆发期,潜伏期,潜伏期,潜伏期,潜伏期,潜伏期,潜伏期,潜伏期,潜伏期,潜伏期,潜伏期,潜伏期,潜伏期,潜伏期,潜伏期,潜伏期,潜伏期,潜伏期,潜伏期,潜伏期,潜伏期,潜伏期,潜伏期,潜伏期,潜伏期,潜伏期
20200131,爆发期,潜伏期,潜伏期,潜伏期,潜伏期,潜伏期,潜伏期,潜伏期,潜伏期,潜伏期,潜伏期,潜伏期,潜伏期,潜伏期,潜伏期,潜伏期,潜伏期,潜伏期,潜伏期,潜伏期,潜伏期,潜伏期,潜伏期,潜伏期,潜伏期,潜伏期
20200201,爆发期,潜伏期,潜伏期,潜伏期,潜伏期,潜伏期,潜伏期,潜伏期,潜伏期,潜伏期,潜伏期,潜伏期,潜伏期,潜伏期,潜伏期,潜伏期,潜伏期,潜伏期,潜伏期,潜伏期,潜伏期,潜伏期,潜伏期,潜伏期,潜伏期,潜伏期
20200202,爆发期,潜伏期,潜伏期,潜伏期,潜伏期,潜伏期,潜伏期,潜伏期,潜伏期,潜伏期,潜伏期,潜伏期,潜伏期,潜伏期,潜伏期,潜伏期,潜伏期,潜伏期,潜伏期,潜伏期,潜伏期,潜伏期,潜伏期,潜伏期,潜伏期,潜伏期
20200203,爆发期,潜伏期,潜伏期,潜伏期,潜伏期,潜伏期,潜伏期,潜伏期,潜伏期,潜伏期,潜伏期,潜伏期,潜伏期,潜伏期,潜伏期,潜伏期,潜伏期,潜伏期,潜伏期,潜伏期,潜伏期,潜伏期,潜伏期,潜伏期,潜伏期,潜伏期
20200204,爆发期,潜伏期,潜伏期,潜伏期,潜伏期,潜伏期,潜伏期,潜伏期,潜伏期,潜伏期,潜伏期,潜伏期,潜伏期,潜伏期,潜伏期,潜伏期,潜伏期,潜伏期,潜伏期,潜伏期,潜伏期,潜伏期,潜伏期,潜伏期,潜伏期,潜伏期
20200205,爆发期,潜伏期,潜伏期,潜伏期,潜伏期,潜伏期,潜伏期,潜伏期,潜伏期,潜伏期,潜伏期,潜伏期,潜伏期,潜伏期,潜伏期,潜伏期,潜伏期,潜伏期,潜伏期,潜伏期,潜伏期,潜伏期,潜伏期,潜伏期,潜伏期,潜伏期
20200206,爆发期,潜伏期,潜伏期,潜伏期,潜伏期,潜伏期,潜伏期,潜伏期,潜伏期,潜伏期,潜伏期,潜伏期,潜伏期,潜伏期,潜伏期,潜伏期,潜伏期,潜伏期,潜伏期,潜伏期,潜伏期,潜伏期,潜伏期,潜伏期,潜伏期,潜伏期
20200207,爆发期,潜伏期,潜伏期,潜伏期,潜伏期,潜伏期,潜伏期,潜伏期,潜伏期,潜伏期,潜伏期,潜伏期,潜伏期,潜伏期,潜伏期,潜伏期,潜伏期,潜伏期,潜伏期,潜伏期,潜伏期,潜伏期,潜伏期,潜伏期,潜伏期,潜伏期
20200208,爆发期,潜伏期,潜伏期,潜伏期,潜伏期,潜伏期,潜伏期,潜伏期,潜伏期,潜伏期,潜伏期,潜伏期,潜伏期,潜伏期,潜伏期,潜伏期,潜伏期,潜伏期,潜伏期,潜伏期,潜伏期,潜伏期,潜伏期,潜伏期,潜伏期,潜伏期
20200209,爆发期,潜伏期,潜伏期,潜伏期,潜伏期,潜伏期,潜伏期,潜伏期,潜伏期,爆发期,潜伏期,潜伏期,潜伏期,潜伏期,潜伏期,潜伏期,潜伏期,潜伏期,潜伏期,潜伏期,潜伏期,潜伏期,潜伏期,潜伏期,潜伏期,潜伏期
20200210,爆发期,潜伏期,潜伏期,潜伏期,潜伏期,潜伏期,潜伏期,潜伏期,潜伏期,爆发期,潜伏期,潜伏期,潜伏期,潜伏期,潜伏期,潜伏期,潜伏期,潜伏期,潜伏期,潜伏期,潜伏期,潜伏期,潜伏期,潜伏期,潜伏期,潜伏期
20200211,爆发期,潜伏期,潜伏期,潜伏期,潜伏期,潜伏期,潜伏期,潜伏期,潜伏期,爆发期,潜伏期,潜伏期,潜伏期,潜伏期,潜伏期,潜伏期,潜伏期,潜伏期,潜伏期,潜伏期,潜伏期,潜伏期,潜伏期,潜伏期,潜伏期,潜伏期
20200212,爆发期,潜伏期,潜伏期,潜伏期,潜伏期,潜伏期,潜伏期,潜伏期,潜伏期,爆发期,潜伏期,潜伏期,潜伏期,潜伏期,潜伏期,潜伏期,潜伏期,潜伏期,潜伏期,潜伏期,潜伏期,潜伏期,潜伏期,潜伏期,潜伏期,潜伏期
20200213,爆发期,潜伏期,潜伏期,潜伏期,潜伏期,潜伏期,潜伏期,潜伏期,潜伏期,爆发期,潜伏期,潜伏期,潜伏期,潜伏期,潜伏期,潜伏期,潜伏期,潜伏期,潜伏期,潜伏期,潜伏期,潜伏期,潜伏期,潜伏期,潜伏期,潜伏期
20200214,平稳期,潜伏期,潜伏期,潜伏期,潜伏期,潜伏期,潜伏期,潜伏期,潜伏期,爆发期,潜伏期,潜伏期,潜伏期,潜伏期,潜伏期,潜伏期,潜伏期,潜伏期,潜伏期,潜伏期,潜伏期,潜伏期,潜伏期,潜伏期,潜伏期,潜伏期
20200215,平稳期,潜伏期,潜伏期,潜伏期,潜伏期,潜伏期,潜伏期,潜伏期,潜伏期,爆发期,潜伏期,潜伏期,潜伏期,潜伏期,潜伏期,潜伏期,潜伏期,潜伏期,潜伏期,潜伏期,潜伏期,潜伏期,潜伏期,潜伏期,潜伏期,潜伏期
20200216,平稳期,潜伏期,潜伏期,潜伏期,潜伏期,潜伏期,潜伏期,潜伏期,潜伏期,爆发期,潜伏期,潜伏期,潜伏期,潜伏期,潜伏期,潜伏期,潜伏期,潜伏期,潜伏期,潜伏期,潜伏期,潜伏期,潜伏期,潜伏期,潜伏期,潜伏期
20200217,平稳期,潜伏期,潜伏期,潜伏期,潜伏期,潜伏期,潜伏期,潜伏期,潜伏期,爆发期,潜伏期,潜伏期,潜伏期,潜伏期,潜伏期,潜伏期,潜伏期,潜伏期,潜伏期,潜伏期,潜伏期,潜伏期,潜伏期,潜伏期,潜伏期,潜伏期
20200218,平稳期,潜伏期,潜伏期,潜伏期,潜伏期,潜伏期,潜伏期,潜伏期,潜伏期,爆发期,潜伏期,潜伏期,潜伏期,潜伏期,潜伏期,潜伏期,潜伏期,潜伏期,潜伏期,潜伏期,潜伏期,潜伏期,潜伏期,潜伏期,潜伏期,潜伏期
20200219,平稳期,潜伏期,潜伏期,潜伏期,潜伏期,潜伏期,潜伏期,潜伏期,潜伏期,爆发期,潜伏期,潜伏期,潜伏期,潜伏期,潜伏期,潜伏期,潜伏期,潜伏期,潜伏期,潜伏期,潜伏期,潜伏期,潜伏期,潜伏期,潜伏期,潜伏期
20200220,平稳期,潜伏期,潜伏期,潜伏期,潜伏期,潜伏期,潜伏期,潜伏期,潜伏期,爆发期,潜伏期,潜伏期,潜伏期,潜伏期,潜伏期,潜伏期,潜伏期,潜伏期,潜伏期,潜伏期,潜伏期,潜伏期,潜伏期,潜伏期,潜伏期,潜伏期
20200221,平稳期,潜伏期,潜伏期,潜伏期,潜伏期,潜伏期,潜伏期,潜伏期,爆发期,爆发期,潜伏期,潜伏期,潜伏期,潜伏期,潜伏期,潜伏期,潜伏期,潜伏期,潜伏期,潜伏期,潜伏期,潜伏期,潜伏期,潜伏期,潜伏期,潜伏期
20200222,平稳期,潜伏期,潜伏期,潜伏期,潜伏期,潜伏期,潜伏期,潜伏期,爆发期,爆发期,潜伏期,潜伏期,潜伏期,潜伏期,潜伏期,潜伏期,潜伏期,潜伏期,潜伏期,潜伏期,潜伏期,潜伏期,潜伏期,潜伏期,潜伏期,潜伏期
20200223,平稳期,潜伏期,潜伏期,潜伏期,潜伏期,潜伏期,潜伏期,潜伏期,爆发期,爆发期,潜伏期,潜伏期,潜伏期,潜伏期,潜伏期,潜伏期,潜伏期,潜伏期,潜伏期,潜伏期,潜伏期,潜伏期,潜伏期,潜伏期,潜伏期,潜伏期
20200224,平稳期,潜伏期,潜伏期,潜伏期,潜伏期,潜伏期,潜伏期,潜伏期,爆发期,爆发期,潜伏期,潜伏期,潜伏期,潜伏期,潜伏期,潜伏期,潜伏期,潜伏期,潜伏期,潜伏期,潜伏期,潜伏期,潜伏期,潜伏期,潜伏期,潜伏期
20200225,平稳期,潜伏期,潜伏期,潜伏期,潜伏期,潜伏期,潜伏期,潜伏期,爆发期,爆发期,潜伏期,潜伏期,潜伏期,潜伏期,爆发期,潜伏期,潜伏期,潜伏期,潜伏期,潜伏期,潜伏期,潜伏期,潜伏期,潜伏期,潜伏期,潜伏期
20200226,平稳期,潜伏期,潜伏期,潜伏期,潜伏期,潜伏期,潜伏期,潜伏期,爆发期,爆发期,潜伏期,潜伏期,潜伏期,潜伏期,爆发期,潜伏期,潜伏期,潜伏期,潜伏期,潜伏期,潜伏期,潜伏期,潜伏期,潜伏期,潜伏期,潜伏期
20200227,平稳期,潜伏期,潜伏期,潜伏期,潜伏期,潜伏期,潜伏期,潜伏期,爆发期,爆发期,潜伏期,潜伏期,潜伏期,潜伏期,爆发期,潜伏期,潜伏期,潜伏期,潜伏期,潜伏期,潜伏期,潜伏期,潜伏期,潜伏期,潜伏期,潜伏期
20200228,平稳期,潜伏期,潜伏期,潜伏期,潜伏期,潜伏期,潜伏期,潜伏期,爆发期,爆发期,潜伏期,潜伏期,潜伏期,潜伏期,爆发期,潜伏期,潜伏期,潜伏期,潜伏期,潜伏期,潜伏期,潜伏期,潜伏期,潜伏期,潜伏期,潜伏期
20200229,平稳期,潜伏期,潜伏期,潜伏期,潜伏期,潜伏期,潜伏期,潜伏期,爆发期,爆发期,潜伏期,潜伏期,潜伏期,潜伏期,爆发期,潜伏期,潜伏期,潜伏期,潜伏期,潜伏期,潜伏期,潜伏期,潜伏期,潜伏期,潜伏期,潜伏期
20200301,平稳期,潜伏期,潜伏期,潜伏期,潜伏期,潜伏期,潜伏期,潜伏期,爆发期,爆发期,潜伏期,潜伏期,潜伏期,潜伏期,爆发期,潜伏期,潜伏期,潜伏期,潜伏期,潜伏期,潜伏期,潜伏期,潜伏期,潜伏期,潜伏期,潜伏期
20200302,平稳期,潜伏期,潜伏期,潜伏期,潜伏期,潜伏期,潜伏期,潜伏期,爆发期,爆发期,潜伏期,潜伏期,潜伏期,潜伏期,爆发期,潜伏期,潜伏期,潜伏期,潜伏期,潜伏期,潜伏期,潜伏期,潜伏期,潜伏期,潜伏期,潜伏期
20200303,平稳期,潜伏期,潜伏期,潜伏期,潜伏期,潜伏期,潜伏期,潜伏期,爆发期,爆发期,潜伏期,潜伏期,潜伏期,潜伏期,爆发期,潜伏期,潜伏期,潜伏期,潜伏期,潜伏期,潜伏期,潜伏期,潜伏期,潜伏期,潜伏期,潜伏期
20200304,平稳期,潜伏期,潜伏期,潜伏期,潜伏期,潜伏期,潜伏期,潜伏期,爆发期,爆发期,潜伏期,潜伏期,潜伏期,潜伏期,爆发期,潜伏期,潜伏期,潜伏期,潜伏期,潜伏期,潜伏期,潜伏期,潜伏期,潜伏期,潜伏期,潜伏期
20200305,平稳期,潜伏期,潜伏期,潜伏期,潜伏期,潜伏期,潜伏期,潜伏期,平稳期,爆发期,潜伏期,潜伏期,潜伏期,潜伏期,爆发期,潜伏期,潜伏期,潜伏期,潜伏期,潜伏期,潜伏期,潜伏期,潜伏期,潜伏期,潜伏期,潜伏期
20200306,消退期,潜伏期,潜伏期,潜伏期,潜伏期,潜伏期,潜伏期,潜伏期,平稳期,爆发期,潜伏期,潜伏期,潜伏期,爆发期,爆发期,潜伏期,潜伏期,爆发期,潜伏期,潜伏期,潜伏期,潜伏期,潜伏期,潜伏期,潜伏期,潜伏期
20200307,消退期,潜伏期,潜伏期,潜伏期,爆发期,潜伏期,潜伏期,潜伏期,平稳期,爆发期,潜伏期,潜伏期,潜伏期,爆发期,爆发期,潜伏期,潜伏期,爆发期,潜伏期,爆发期,潜伏期,潜伏期,潜伏期,潜伏期,潜伏期,潜伏期
20200308,消退期,潜伏期,潜伏期,潜伏期,爆发期,潜伏期,潜伏期,潜伏期,平稳期,爆发期,潜伏期,潜伏期,潜伏期,爆发期,爆发期,潜伏期,潜伏期,爆发期,潜伏期,爆发期,潜伏期,潜伏期,潜伏期,潜伏期,潜伏期,潜伏期
20200309,消退期,潜伏期,潜伏期,潜伏期,爆发期,潜伏期,潜伏期,潜伏期,平稳期,爆发期,潜伏期,潜伏期,潜伏期,爆发期,爆发期,潜伏期,潜伏期,爆发期,潜伏期,爆发期,潜伏期,潜伏期,潜伏期,潜伏期,潜伏期,潜伏期
20200310,消退期,潜伏期,潜伏期,潜伏期,爆发期,潜伏期,潜伏期,潜伏期,平稳期,爆发期,潜伏期,潜伏期,潜伏期,爆发期,爆发期,潜伏期,潜伏期,爆发期,潜伏期,爆发期,潜伏期,爆发期,潜伏期,潜伏期,潜伏期,潜伏期
20200311,消退期,潜伏期,潜伏期,潜伏期,爆发期,潜伏期,潜伏期,潜伏期,平稳期,爆发期,潜伏期,潜伏期,潜伏期,爆发期,爆发期,潜伏期,潜伏期,爆发期,潜伏期,爆发期,潜伏期,爆发期,潜伏期,潜伏期,潜伏期,潜伏期
20200312,消退期,潜伏期,潜伏期,潜伏期,爆发期,潜伏期,潜伏期,潜伏期,平稳期,爆发期,潜伏期,潜伏期,爆发期,爆发期,爆发期,潜伏期,潜伏期,爆发期,潜伏期,爆发期,潜伏期,爆发期,潜伏期,潜伏期,潜伏期,潜伏期
20200313,消退期,潜伏期,潜伏期,潜伏期,爆发期,潜伏期,潜伏期,潜伏期,平稳期,爆发期,潜伏期,潜伏期,爆发期,爆发期,爆发期,潜伏期,潜伏期,爆发期,爆发期,爆发期,潜伏期,爆发期,潜伏期,潜伏期,潜伏期,潜伏期
20200314,消退期,潜伏期,潜伏期,潜伏期,爆发期,潜伏期,潜伏期,潜伏期,平稳期,爆发期,潜伏期,潜伏期,爆发期,爆发期,爆发期,爆发期,爆发期,爆发期,爆发期,爆发期,潜伏期,爆发期,潜伏期,潜伏期,潜伏期,潜伏期
20200315,消退期,潜伏期,潜伏期,潜伏期,爆发期,潜伏期,潜伏期,潜伏期,平稳期,爆发期,潜伏期,潜伏期,爆发期,爆发期,爆发期,爆发期,爆发期,爆发期,爆发期,爆发期,潜伏期,爆发期,潜伏期,潜伏期,潜伏期,潜伏期
20200316,消退期,潜伏期,潜伏期,潜伏期,爆发期,潜伏期,潜伏期,潜伏期,平稳期,爆发期,爆发期,潜伏期,爆发期,爆发期,爆发期,爆发期,爆发期,爆发期,爆发期,爆发期,潜伏期,爆发期,潜伏期,潜伏期,潜伏期,潜伏期
20200317,消退期,潜伏期,潜伏期,潜伏期,爆发期,潜伏期,潜伏期,潜伏期,平稳期,爆发期,爆发期,潜伏期,爆发期,爆发期,爆发期,爆发期,爆发期,爆发期,爆发期,爆发期,爆发期,爆发期,潜伏期,潜伏期,潜伏期,潜伏期
20200318,消退期,潜伏期,潜伏期,潜伏期,爆发期,潜伏期,潜伏期,潜伏期,平稳期,爆发期,爆发期,潜伏期,爆发期,爆发期,爆发期,爆发期,爆发期,爆发期,爆发期,爆发期,爆发期,爆发期,潜伏期,潜伏期,潜伏期,潜伏期
20200319,消退期,潜伏期,潜伏期,潜伏期,爆发期,潜伏期,潜伏期,潜伏期,平稳期,爆发期,爆发期,潜伏期,爆发期,爆发期,爆发期,爆发期,爆发期,爆发期,爆发期,爆发期,爆发期,爆发期,潜伏期,潜伏期,潜伏期,潜伏期
20200320,消退期,爆发期,潜伏期,潜伏期,爆发期,潜伏期,爆发期,潜伏期,平稳期,爆发期,爆发期,潜伏期,爆发期,爆发期,爆发期,爆发期,爆发期,爆发期,爆发期,爆发期,爆发期,爆发期,爆发期,潜伏期,爆发期,爆发期
20200321,消退期,爆发期,潜伏期,潜伏期,爆发期,潜伏期,爆发期,潜伏期,平稳期,爆发期,爆发期,潜伏期,爆发期,爆发期,爆发期,爆发期,爆发期,爆发期,爆发期,爆发期,爆发期,爆发期,爆发期,潜伏期,爆发期,爆发期
20200322,消退期,爆发期,潜伏期,潜伏期,爆发期,潜伏期,爆发期,潜伏期,平稳期,爆发期,爆发期,潜伏期,爆发期,爆发期,爆发期,爆发期,爆发期,爆发期,爆发期,爆发期,爆发期,爆发期,爆发期,潜伏期,爆发期,爆发期
20200323,消退期,爆发期,爆发期,潜伏期,爆发期,潜伏期,爆发期,潜伏期,平稳期,爆发期,爆发期,爆发期,爆发期,爆发期,爆发期,爆发期,爆发期,爆发期,爆发期,爆发期,爆发期,爆发期,爆发期,潜伏期,爆发期,爆发期
20200324,消退期,爆发期,爆发期,潜伏期,爆发期,潜伏期,爆发期,潜伏期,平稳期,爆发期,爆发期,爆发期,爆发期,爆发期,爆发期,爆发期,爆发期,爆发期,爆发期,爆发期,爆发期,爆发期,爆发期,潜伏期,爆发期,爆发期
20200325,消退期,爆发期,爆发期,爆发期,爆发期,潜伏期,爆发期,潜伏期,平稳期,爆发期,爆发期,爆发期,爆发期,爆发期,爆发期,爆发期,爆发期,爆发期,爆发期,爆发期,爆发期,爆发期,爆发期,潜伏期,爆发期,爆发期
20200326,消退期,爆发期,爆发期,爆发期,爆发期,潜伏期,爆发期,潜伏期,平稳期,爆发期,爆发期,爆发期,爆发期,爆发期,爆发期,爆发期,爆发期,爆发期,爆发期,爆发期,爆发期,爆发期,爆发期,潜伏期,爆发期,爆发期
20200327,消退期,爆发期,爆发期,爆发期,爆发期,潜伏期,爆发期,潜伏期,平稳期,爆发期,爆发期,爆发期,爆发期,爆发期,爆发期,爆发期,爆发期,爆发期,爆发期,爆发期,爆发期,爆发期,爆发期,爆发期,爆发期,爆发期
20200328,消退期,爆发期,爆发期,爆发期,爆发期,爆发期,爆发期,潜伏期,平稳期,爆发期,爆发期,爆发期,平稳期,爆发期,平稳期,爆发期,爆发期,爆发期,爆发期,爆发期,爆发期,爆发期,爆发期,爆发期,爆发期,爆发期
20200329,消退期,爆发期,爆发期,爆发期,爆发期,爆发期,爆发期,爆发期,平稳期,爆发期,爆发期,爆发期,平稳期,爆发期,平稳期,爆发期,爆发期,爆发期,爆发期,爆发期,爆发期,爆发期,爆发期,爆发期,爆发期,爆发期
20200330,消退期,爆发期,爆发期,爆发期,爆发期,爆发期,爆发期,爆发期,平稳期,爆发期,爆发期,爆发期,平稳期,爆发期,平稳期,爆发期,爆发期,爆发期,爆发期,爆发期,爆发期,爆发期,爆发期,爆发期,爆发期,爆发期
20200331,消退期,爆发期,爆发期,爆发期,爆发期,爆发期,爆发期,爆发期,平稳期,爆发期,爆发期,爆发期,平稳期,爆发期,平稳期,爆发期,爆发期,爆发期,爆发期,爆发期,爆发期,爆发期,爆发期,爆发期,爆发期,爆发期
20200401,消退期,爆发期,爆发期,爆发期,爆发期,爆发期,爆发期,爆发期,平稳期,爆发期,爆发期,爆发期,平稳期,爆发期,平稳期,爆发期,爆发期,爆发期,爆发期,爆发期,爆发期,爆发期,爆发期,爆发期,爆发期,爆发期
